INSERT INTO Student (StudentID, StudentName, DoB, Gender) VALUES ('HE160520', 'Le Duc Manh', '2002-09-09', 1),
('HE160521', 'Vuong Duc Manh', '2002-09-09', 1),
('HE160522', 'Nguyen Bich Ngoc', '2002-10-03', 0),
('HE160523', 'Nguyen Dinh Long', '2002-11-16', 1),
('HE160524', 'Vu Ngoc Linh', '2002-05-26', 0),
('HE150525', 'Ta Van Dung', '2001-05-26', 1),
('HE150526', 'Nguyen Hong Nhung', '2001-04-28', 0),
('HE140527', 'Nguyen Van Dung', '2000-03-26', 1),
('HE150528', 'Vu Ngoc Linh', '2001-02-03', 0),
('HE160529', 'Ta Dinh Tuan', '2002-06-12', 1)

INSERT INTO Subject (SubjectID, SubjectName) VALUES ('MAD101', 'Discrete mathematics'),
('CSD201', 'Data Structures and Algorithms'),
('DBI202','Introduction to Databases'),
('JPD113', 'Elementary Japanese 1-A1.1'),
('WED201c', 'Web Design')

INSERT INTO Assessment(AssessmentID, AssessmentName, Weight, SubjectID) VALUES
('PT1MAD101', 'Progress test 1', '10', 'MAD101'),
('PT2MAD101', 'Progress test 2', '10', 'MAD101'),
('PT3MAD101', 'Progress test 3', '10', 'MAD101'),
('ASS1MAD101', 'Assignment 1', '10', 'MAD101'),
('ASS2MAD101', 'Assignment 2', '10', 'MAD101'),
('ASS3MAD101', 'Assignment 3', '10', 'MAD101'),
('FEMAD101', 'Final Exam', '40', 'MAD101')

INSERT INTO Assessment(AssessmentID, AssessmentName, Weight, SubjectID) VALUES
('ASS1CSD201', 'Assignment 1', '10', 'CSD201'),
('ASS2CSD201', 'Assignment 2', '10', 'CSD201'),
('PT1CSD201', 'Progress test 1', '10', 'CSD201'),
('PT2CSD201', 'Progress test 2', '10', 'CSD201'),
('PECSD201', 'Practical Exam', '30', 'CSD201'),
('FECSD201', 'Final Exam', '30', 'CSD201')


INSERT INTO Assessment(AssessmentID, AssessmentName, Weight, SubjectID) VALUES
('ASSDBI202', 'Assignment', '20', 'DBI202'),
('LAB1DBI202', 'Lab 1', '2', 'DBI202'),
('LAB2DBI202', 'Lab 2', '2', 'DBI202'),
('LAB3DBI202', 'Lab 3', '2', 'DBI202'),
('LAB4DBI202', 'Lab 4', '2', 'DBI202'),
('LAB5DBI202', 'Lab 5', '2', 'DBI202'),
('PT1DBI202', 'Progress test 1', '5', 'DBI202'),
('PT2DBI202', 'Progress test 2', '5', 'DBI202'),
('PEDBI202', 'Practical Exam', '30', 'DBI202'),
('FEDBI202', 'Final Exam', '30', 'DBI202')


INSERT INTO Assessment(AssessmentID, AssessmentName, Weight, SubjectID) VALUES
('PAJPD113', 'Participation', '10', 'JPD113'),
('PT1JPD113', 'Progress test 1', '10', 'JPD113'),
('PT2JPD113', 'Progress test 2', '10', 'JPD113'),
('MTJPD113', 'Mid-term test', '30', 'JPD113'),
('FELJPD113', 'FE: Listening', '10', 'JPD113'),
('FEGJPD113', 'FE: GVR', '30', 'JPD113')

INSERT INTO Assessment(AssessmentID, AssessmentName, Weight, SubjectID) VALUES
('PEWED201c', 'Pratice exam', '40', 'WED201c'),
('TEWED201c', 'Theory exam', '50', 'WED201c'),
('BOWED201c', 'Bonus', '10', 'WED201c')

INSERT INTO Student_Assessment(AssessmentID, StudentID, Date, Score) VALUES
('PAJPD113', 'HE160520', '2022-07-15', 9),
('PT1JPD113', 'HE160520', '2022-07-12', 9.1),
('PT2JPD113', 'HE160520', '2022-07-15', 9.8),
('MTJPD113', 'HE160520', '2022-07-01', 9.25),
('FELJPD113', 'HE160520', '2022-07-16', 9),
('FEGJPD113', 'HE160520', '2022-07-16', 9),
('PAJPD113', 'HE160521', '2022-07-15', 6),
('PT1JPD113', 'HE160521', '2022-07-12', 7),
('PT2JPD113', 'HE160521', '2022-07-15', 7),
('MTJPD113', 'HE160521', '2022-07-01', 7),
('FELJPD113', 'HE160521', '2022-07-16', 7),
('FEGJPD113', 'HE160521', '2022-07-16', 7),
('PAJPD113', 'HE160522', '2022-07-15', 8),
('PT1JPD113', 'HE160522', '2022-07-12', 9.1),
('PT2JPD113', 'HE160522', '2022-07-15', 9.8),
('MTJPD113', 'HE160522', '2022-07-01', 8.25),
('FELJPD113', 'HE160522', '2022-07-16', 8),
('FEGJPD113', 'HE160522', '2022-07-16', 8),
('PAJPD113', 'HE160523', '2022-07-15', 4),
('PT1JPD113', 'HE160523', '2022-07-12', 4),
('PT2JPD113', 'HE160523', '2022-07-15', 4),
('MTJPD113', 'HE160523', '2022-07-01', 4),
('FELJPD113', 'HE160523', '2022-07-16', 4),
('FEGJPD113', 'HE160523', '2022-07-16', 4),
('PAJPD113', 'HE160524', '2022-07-15', 10),
('PT1JPD113', 'HE160524', '2022-07-12', 7),
('PT2JPD113', 'HE160524', '2022-07-15', 8),
('MTJPD113', 'HE160524', '2022-07-01', 6),
('FELJPD113', 'HE160524', '2022-07-16', 7),
('FEGJPD113', 'HE160524', '2022-07-16', 8),
('PAJPD113', 'HE150525', '2022-07-15', 10),
('PT1JPD113', 'HE150525', '2022-07-12', 9),
('PT2JPD113', 'HE150525', '2022-07-15', 7),
('MTJPD113', 'HE150525', '2022-07-01', 8.5),
('FELJPD113', 'HE150525', '2022-07-16', 9),
('FEGJPD113', 'HE150525', '2022-07-16', 9),
('PAJPD113', 'HE150526', '2022-07-15', 8),
('PT1JPD113', 'HE150526', '2022-07-12', 0),
('PT2JPD113', 'HE150526', '2022-07-15', 0),
('MTJPD113', 'HE150526', '2022-07-01', 8),
('FELJPD113', 'HE150526', '2022-07-16', 9),
('FEGJPD113', 'HE150526', '2022-07-16', 9),
('PAJPD113', 'HE140527', '2022-07-15', 9),
('PT1JPD113', 'HE140527', '2022-07-12', 9.1),
('PT2JPD113', 'HE140527', '2022-07-15', 9.8),
('MTJPD113', 'HE140527', '2022-07-01', 9.25),
('FELJPD113', 'HE140527', '2022-07-16', 4),
('FEGJPD113', 'HE140527', '2022-07-16', 3),
('PAJPD113', 'HE150528', '2022-07-15', 7),
('PT1JPD113', 'HE150528', '2022-07-12', 6),
('PT2JPD113', 'HE150528', '2022-07-15', 5),
('MTJPD113', 'HE150528', '2022-07-01', 4),
('FELJPD113', 'HE150528', '2022-07-16', 3),
('FEGJPD113', 'HE150528', '2022-07-16', 6),
('PAJPD113', 'HE160529', '2022-07-15', 7),
('PT1JPD113', 'HE160529', '2022-07-12', 5),
('PT2JPD113', 'HE160529', '2022-07-15', 4),
('MTJPD113', 'HE160529', '2022-07-01', 8),
('FELJPD113', 'HE160529', '2022-07-16', 7),
('FEGJPD113', 'HE160529', '2022-07-16', 6)

INSERT INTO Student_Assessment(AssessmentID, StudentID, Date, Score) VALUES
('PT1MAD101', 'HE160520', '2022-07-10', 9),
('PT2MAD101', 'HE160520', '2022-07-11', 9),
('PT3MAD101', 'HE160520', '2022-07-12', 9),
('ASS1MAD101', 'HE160520', '2022-07-09', 10),
('ASS2MAD101', 'HE160520', '2022-07-09', 10),
('ASS3MAD101', 'HE160520', '2022-07-09', 10),
('FEMAD101', 'HE160520', '2022-07-15', 9.5),
('ASS1CSD201', 'HE160520', '2022-07-10', 9.2),
('ASS2CSD201', 'HE160520', '2022-07-10', 9.6),
('PT1CSD201', 'HE160520', '2022-07-10', 9.5),
('PT2CSD201', 'HE160520', '2022-07-10', 10),
('PECSD201', 'HE160520', '2022-07-10', 9),
('FECSD201', 'HE160520', '2022-07-15', 9),
('ASSDBI202', 'HE160520', '2022-07-10', 9),
('LAB1DBI202', 'HE160520', '2022-07-10', 8),
('LAB2DBI202', 'HE160520', '2022-07-10', 6.5),
('LAB3DBI202', 'HE160520', '2022-07-10', 1),
('LAB4DBI202', 'HE160520', '2022-07-10', 9),
('LAB5DBI202', 'HE160520', '2022-07-10', 9),
('PT1DBI202', 'HE160520', '2022-07-07', 9),
('PT2DBI202', 'HE160520', '2022-07-17', 9),
('PEDBI202', 'HE160520', '2022-07-23', 10),
('FEDBI202', 'HE160520', '2022-07-30', 9),
('PEWED201c', 'HE160520', '2022-07-10', 9),
('TEWED201c', 'HE160520', '2022-07-10', 9),
('BOWED201c', 'HE160520', '2022-07-10', 10)

INSERT INTO Student_Assessment(AssessmentID, StudentID, Date, Score) VALUES
('PT1MAD101', 'HE160521', '2022-07-10', 6),
('PT2MAD101', 'HE160521', '2022-07-11', 5),
('PT3MAD101', 'HE160521', '2022-07-12', 7),
('ASS1MAD101', 'HE160521', '2022-07-09', 10),
('ASS2MAD101', 'HE160521', '2022-07-09', 6),
('ASS3MAD101', 'HE160521', '2022-07-09', 7),
('FEMAD101', 'HE160521', '2022-07-15', 7),
('ASS1CSD201', 'HE160521', '2022-07-10', 6),
('ASS2CSD201', 'HE160521', '2022-07-10', 7),
('PT1CSD201', 'HE160521', '2022-07-10', 7),
('PT2CSD201', 'HE160521', '2022-07-10', 8),
('PECSD201', 'HE160521', '2022-07-10', 7),
('FECSD201', 'HE160521', '2022-07-15', 6),
('ASSDBI202', 'HE160521', '2022-07-10', 7),
('LAB1DBI202', 'HE160521', '2022-07-10', 7),
('LAB2DBI202', 'HE160521', '2022-07-10', 6.5),
('LAB3DBI202', 'HE160521', '2022-07-10', 8),
('LAB4DBI202', 'HE160521', '2022-07-10', 6),
('LAB5DBI202', 'HE160521', '2022-07-10', 7),
('PT1DBI202', 'HE160521', '2022-07-07', 8),
('PT2DBI202', 'HE160521', '2022-07-17', 7),
('PEDBI202', 'HE160521', '2022-07-23', 7),
('FEDBI202', 'HE160521', '2022-07-30', 7),
('PEWED201c', 'HE160521', '2022-07-10', 7),
('TEWED201c', 'HE160521', '2022-07-10', 7),
('BOWED201c', 'HE160521', '2022-07-10', 10)


INSERT INTO Student_Assessment(AssessmentID, StudentID, Date, Score) VALUES
('PT1MAD101', 'HE160522', '2022-07-10', 9),
('PT2MAD101', 'HE160522', '2022-07-11', 8.8),
('PT3MAD101', 'HE160522', '2022-07-12', 8),
('ASS1MAD101', 'HE160522', '2022-07-09', 8.8),
('ASS2MAD101', 'HE160522', '2022-07-09', 8),
('ASS3MAD101', 'HE160522', '2022-07-09', 8.2),
('FEMAD101', 'HE160522', '2022-07-15', 8.5),
('ASS1CSD201', 'HE160522', '2022-07-10', 8),
('ASS2CSD201', 'HE160522', '2022-07-10', 8.2),
('PT1CSD201', 'HE160522', '2022-07-10', 8.0),
('PT2CSD201', 'HE160522', '2022-07-10', 8.0),
('PECSD201', 'HE160522', '2022-07-10', 8.0),
('FECSD201', 'HE160522', '2022-07-15', 8.0),
('ASSDBI202', 'HE160522', '2022-07-10', 8.8),
('LAB1DBI202', 'HE160522', '2022-07-10', 8.5),
('LAB2DBI202', 'HE160522', '2022-07-10', 8.5),
('LAB3DBI202', 'HE160522', '2022-07-10', 8),
('LAB4DBI202', 'HE160522', '2022-07-10', 8.6),
('LAB5DBI202', 'HE160522', '2022-07-10', 8.4),
('PT1DBI202', 'HE160522', '2022-07-07', 8.8),
('PT2DBI202', 'HE160522', '2022-07-17', 8.6),
('PEDBI202', 'HE160522', '2022-07-23', 8.8),
('FEDBI202', 'HE160522', '2022-07-30', 8.0),
('PEWED201c', 'HE160522', '2022-07-10', 8.0),
('TEWED201c', 'HE160522', '2022-07-10', 8.0),
('BOWED201c', 'HE160522', '2022-07-10', 10)


INSERT INTO Student_Assessment(AssessmentID, StudentID, Date, Score) VALUES
('PT1MAD101', 'HE160523', '2022-07-10', 7),
('PT2MAD101', 'HE160523', '2022-07-11', 6),
('PT3MAD101', 'HE160523', '2022-07-12', 8),
('ASS1MAD101', 'HE160523', '2022-07-09', 8.8),
('ASS2MAD101', 'HE160523', '2022-07-09', 7),
('ASS3MAD101', 'HE160523', '2022-07-09', 7),
('FEMAD101', 'HE160523', '2022-07-15', 7),
('ASS1CSD201', 'HE160523', '2022-07-10', 8),
('ASS2CSD201', 'HE160523', '2022-07-10', 7),
('PT1CSD201', 'HE160523', '2022-07-10', 7),
('PT2CSD201', 'HE160523', '2022-07-10', 7),
('PECSD201', 'HE160523', '2022-07-10', 5),
('FECSD201', 'HE160523', '2022-07-15', 7),
('ASSDBI202', 'HE160523', '2022-07-10', 7),
('LAB1DBI202', 'HE160523', '2022-07-10', 7),
('LAB2DBI202', 'HE160523', '2022-07-10', 5),
('LAB3DBI202', 'HE160523', '2022-07-10', 8),
('LAB4DBI202', 'HE160523', '2022-07-10', 7),
('LAB5DBI202', 'HE160523', '2022-07-10', 8),
('PT1DBI202', 'HE160523', '2022-07-07', 7.2),
('PT2DBI202', 'HE160523', '2022-07-17', 7.5),
('PEDBI202', 'HE160523', '2022-07-23', 7.2),
('FEDBI202', 'HE160523', '2022-07-30', 7.0),
('PEWED201c', 'HE160523', '2022-07-10', 7.0),
('TEWED201c', 'HE160523', '2022-07-10', 6.0),
('BOWED201c', 'HE160523', '2022-07-10', 10)


INSERT INTO Student_Assessment(AssessmentID, StudentID, Date, Score) VALUES
('PT1MAD101', 'HE160524', '2022-07-10', 7),
('PT2MAD101', 'HE160524', '2022-07-11', 6),
('PT3MAD101', 'HE160524', '2022-07-12', 8),
('ASS1MAD101', 'HE160524', '2022-07-09', 8.8),
('ASS2MAD101', 'HE160524', '2022-07-09', 7),
('ASS3MAD101', 'HE160524', '2022-07-09', 7),
('FEMAD101', 'HE160524', '2022-07-15', 7),
('ASS1CSD201', 'HE160524', '2022-07-10', 8),
('ASS2CSD201', 'HE160524', '2022-07-10', 7),
('PT1CSD201', 'HE160524', '2022-07-10', 7),
('PT2CSD201', 'HE160524', '2022-07-10', 7),
('PECSD201', 'HE160524', '2022-07-10', 5),
('FECSD201', 'HE160524', '2022-07-15', 7),
('ASSDBI202', 'HE160524', '2022-07-10', 7),
('LAB1DBI202', 'HE160524', '2022-07-10', 7),
('LAB2DBI202', 'HE160524', '2022-07-10', 5),
('LAB3DBI202', 'HE160524', '2022-07-10', 8),
('LAB4DBI202', 'HE160524', '2022-07-10', 7),
('LAB5DBI202', 'HE160524', '2022-07-10', 8),
('PT1DBI202', 'HE160524', '2022-07-07', 7.2),
('PT2DBI202', 'HE160524', '2022-07-17', 7.5),
('PEDBI202', 'HE160524', '2022-07-23', 7.2),
('FEDBI202', 'HE160524', '2022-07-30', 7.0),
('PEWED201c', 'HE160524', '2022-07-10', 7.0),
('TEWED201c', 'HE160524', '2022-07-10', 6.0),
('BOWED201c', 'HE160524', '2022-07-10', 10)

INSERT INTO Student_Assessment(AssessmentID, StudentID, Date, Score) VALUES
('PT1MAD101', 'HE150525', '2022-07-10', 9),
('PT2MAD101', 'HE150525', '2022-07-11', 8.8),
('PT3MAD101', 'HE150525', '2022-07-12', 8),
('ASS1MAD101', 'HE150525', '2022-07-09', 8.8),
('ASS2MAD101', 'HE150525', '2022-07-09', 8),
('ASS3MAD101', 'HE150525', '2022-07-09', 8.2),
('FEMAD101', 'HE150525', '2022-07-15', 8.5),
('ASS1CSD201', 'HE150525', '2022-07-10', 8),
('ASS2CSD201', 'HE150525', '2022-07-10', 8.2),
('PT1CSD201', 'HE150525', '2022-07-10', 8.0),
('PT2CSD201', 'HE150525', '2022-07-10', 8.0),
('PECSD201', 'HE150525', '2022-07-10', 8.0),
('FECSD201', 'HE150525', '2022-07-15', 8.0),
('ASSDBI202', 'HE150525', '2022-07-10', 8.8),
('LAB1DBI202', 'HE150525', '2022-07-10', 8.5),
('LAB2DBI202', 'HE150525', '2022-07-10', 8.5),
('LAB3DBI202', 'HE150525', '2022-07-10', 8),
('LAB4DBI202', 'HE150525', '2022-07-10', 8.6),
('LAB5DBI202', 'HE150525', '2022-07-10', 8.4),
('PT1DBI202', 'HE150525', '2022-07-07', 8.8),
('PT2DBI202', 'HE150525', '2022-07-17', 8.6),
('PEDBI202', 'HE150525', '2022-07-23', 8.8),
('FEDBI202', 'HE150525', '2022-07-30', 8.0),
('PEWED201c', 'HE150525', '2022-07-10', 8.0),
('TEWED201c', 'HE150525', '2022-07-10', 8.0),
('BOWED201c', 'HE150525', '2022-07-10', 10)

INSERT INTO Student_Assessment(AssessmentID, StudentID, Date, Score) VALUES
('PT1MAD101', 'HE150526', '2022-07-10', 7),
('PT2MAD101', 'HE150526', '2022-07-11', 6),
('PT3MAD101', 'HE150526', '2022-07-12', 8),
('ASS1MAD101', 'HE150526', '2022-07-09', 8.8),
('ASS2MAD101', 'HE150526', '2022-07-09', 5),
('ASS3MAD101', 'HE150526', '2022-07-09', 6),
('FEMAD101', 'HE150526', '2022-07-15', 6),
('ASS1CSD201', 'HE150526', '2022-07-10', 8),
('ASS2CSD201', 'HE150526', '2022-07-10', 7),
('PT1CSD201', 'HE150526', '2022-07-10', 6),
('PT2CSD201', 'HE150526', '2022-07-10', 7.6),
('PECSD201', 'HE150526', '2022-07-10', 5),
('FECSD201', 'HE150526', '2022-07-15', 7),
('ASSDBI202', 'HE150526', '2022-07-10', 8.2),
('LAB1DBI202', 'HE150526', '2022-07-10', 6),
('LAB2DBI202', 'HE150526', '2022-07-10', 5),
('LAB3DBI202', 'HE150526', '2022-07-10', 6),
('LAB4DBI202', 'HE150526', '2022-07-10', 7),
('LAB5DBI202', 'HE150526', '2022-07-10', 8),
('PT1DBI202', 'HE150526', '2022-07-07', 7.2),
('PT2DBI202', 'HE150526', '2022-07-17', 7.5),
('PEDBI202', 'HE150526', '2022-07-23', 7.2),
('FEDBI202', 'HE150526', '2022-07-30', 6.7),
('PEWED201c', 'HE150526', '2022-07-10', 7.5),
('TEWED201c', 'HE150526', '2022-07-10', 6.0),
('BOWED201c', 'HE150526', '2022-07-10', 10)


INSERT INTO Student_Assessment(AssessmentID, StudentID, Date, Score) VALUES
('PT1MAD101', 'HE140527', '2022-07-10', 6),
('PT2MAD101', 'HE140527', '2022-07-11', 6),
('PT3MAD101', 'HE140527', '2022-07-12', 8),
('ASS1MAD101', 'HE140527', '2022-07-09', 7.8),
('ASS2MAD101', 'HE140527', '2022-07-09', 5),
('ASS3MAD101', 'HE140527', '2022-07-09', 6),
('FEMAD101', 'HE140527', '2022-07-15', 7),
('ASS1CSD201', 'HE140527', '2022-07-10', 4),
('ASS2CSD201', 'HE140527', '2022-07-10', 5),
('PT1CSD201', 'HE140527', '2022-07-10', 6),
('PT2CSD201', 'HE140527', '2022-07-10', 4),
('PECSD201', 'HE140527', '2022-07-10', 4),
('FECSD201', 'HE140527', '2022-07-15', 4),
('ASSDBI202', 'HE140527', '2022-07-10', 4.2),
('LAB1DBI202', 'HE140527', '2022-07-10', 6),
('LAB2DBI202', 'HE140527', '2022-07-10', 5),
('LAB3DBI202', 'HE140527', '2022-07-10', 6),
('LAB4DBI202', 'HE140527', '2022-07-10', 7),
('LAB5DBI202', 'HE140527', '2022-07-10', 4),
('PT1DBI202', 'HE140527', '2022-07-07', 3.5),
('PT2DBI202', 'HE140527', '2022-07-17', 3.4),
('PEDBI202', 'HE140527', '2022-07-23', 4),
('FEDBI202', 'HE140527', '2022-07-30', 4),
('PEWED201c', 'HE140527', '2022-07-10', 7.5),
('TEWED201c', 'HE140527', '2022-07-10', 6.0),
('BOWED201c', 'HE140527', '2022-07-10', 10)

INSERT INTO Student_Assessment(AssessmentID, StudentID, Date, Score) VALUES
('PT1MAD101', 'HE150528', '2022-07-10', 7),
('PT2MAD101', 'HE150528', '2022-07-11', 6),
('PT3MAD101', 'HE150528', '2022-07-12', 8),
('ASS1MAD101', 'HE150528', '2022-07-09', 8.8),
('ASS2MAD101', 'HE150528', '2022-07-09', 7),
('ASS3MAD101', 'HE150528', '2022-07-09', 8),
('FEMAD101', 'HE150528', '2022-07-15', 7.5),
('ASS1CSD201', 'HE150528', '2022-07-10', 8),
('ASS2CSD201', 'HE150528', '2022-07-10', 7),
('PT1CSD201', 'HE150528', '2022-07-10', 7),
('PT2CSD201', 'HE150528', '2022-07-10', 7),
('PECSD201', 'HE150528', '2022-07-10', 5),
('FECSD201', 'HE150528', '2022-07-15', 7),
('ASSDBI202', 'HE150528', '2022-07-10', 9),
('LAB1DBI202', 'HE150528', '2022-07-10', 7),
('LAB2DBI202', 'HE150528', '2022-07-10', 5),
('LAB3DBI202','HE150528', '2022-07-10', 8),
('LAB4DBI202', 'HE150528', '2022-07-10', 7),
('LAB5DBI202', 'HE150528', '2022-07-10', 8),
('PT1DBI202', 'HE150528', '2022-07-07', 7.2),
('PT2DBI202', 'HE150528', '2022-07-17', 7.5),
('PEDBI202', 'HE150528', '2022-07-23', 7.2),
('FEDBI202', 'HE150528', '2022-07-30', 7.5),
('PEWED201c', 'HE150528', '2022-07-10', 8.0),
('TEWED201c', 'HE150528', '2022-07-10', 6.0),
('BOWED201c', 'HE150528', '2022-07-10', 10)


INSERT INTO Student_Assessment(AssessmentID, StudentID, Date, Score) VALUES
('PT1MAD101', 'HE160529', '2022-07-10', 4),
('PT2MAD101', 'HE160529', '2022-07-11', 4),
('PT3MAD101', 'HE160529', '2022-07-12', 4),
('ASS1MAD101', 'HE160529', '2022-07-09', 4),
('ASS2MAD101', 'HE160529', '2022-07-09', 4.5),
('ASS3MAD101', 'HE160529', '2022-07-09', 4.2),
('FEMAD101', 'HE160529', '2022-07-15', 4.6),
('ASS1CSD201', 'HE160529', '2022-07-10', 8),
('ASS2CSD201', 'HE160529', '2022-07-10', 7),
('PT1CSD201', 'HE160529', '2022-07-10', 7),
('PT2CSD201', 'HE160529', '2022-07-10', 7),
('PECSD201', 'HE160529', '2022-07-10', 5),
('FECSD201', 'HE160529', '2022-07-15', 3.9),
('ASSDBI202', 'HE160529', '2022-07-10', 7),
('LAB1DBI202', 'HE160529', '2022-07-10', 7),
('LAB2DBI202', 'HE160529', '2022-07-10', 5),
('LAB3DBI202', 'HE160529', '2022-07-10', 8),
('LAB4DBI202', 'HE160529', '2022-07-10', 7),
('LAB5DBI202', 'HE160529', '2022-07-10', 8),
('PT1DBI202', 'HE160529', '2022-07-07', 7.2),
('PT2DBI202', 'HE160529', '2022-07-17', 7.5),
('PEDBI202', 'HE160529', '2022-07-23', 7.2),
('FEDBI202', 'HE160529', '2022-07-30', 7.0),
('PEWED201c', 'HE160529', '2022-07-10', 7.0),
('TEWED201c', 'HE160529', '2022-07-10', 6.0),
('BOWED201c', 'HE160529', '2022-07-10', 10)

INSERT INTO Semester(SemesterID, Start, [End]) VALUES('SP22','2022-01-04', '2022-04-09'),
('SU22','2022-05-09','2022-07-22')
INSERT INTO [Group](GroupID, SemesterID) VALUES('SE1647', 'SU22'), ('SE1648', 'SU22'), ('SE1640', 'SU22'), ('SE1645', 'SU22')

INSERT INTO Lecture (LectureID, LectureName, DoB, Gender) VALUES ('01', 'Ngo Tung Son', '1986-06-09', 1),
('02', 'Vu Khac Ky', '1990-06-02', 1),
('03', 'Ta Thanh Huyen', '1989-04-26', 0),
('04', 'Phan Dang Cau', '1955-12-20', 1),
('05', 'Ta Dinh Tien', '1985-08-03', 1)

INSERT INTO Group_Lecture(GroupID, LectureID)VALUES('SE1647', '01'),
('SE1647', '02'),
('SE1647', '03'),
('SE1647', '04'),
('SE1647', '05'),
('SE1648', '01'),
('SE1648', '02'),
('SE1648', '03'),
('SE1648', '04'),
('SE1648', '05'),
('SE1645', '01'),
('SE1645', '02'),
('SE1645', '03'),
('SE1645', '04'),
('SE1645', '05'),
('SE1640', '01'),
('SE1640', '02'),
('SE1640', '03'),
('SE1640', '04'),
('SE1640', '05')

INSERT INTO Group_Student(GroupID, StudentID)VALUES
('SE1648', 'HE160523'),
('SE1647', 'HE160520'),
('SE1647', 'HE160521'),
('SE1647', 'HE160522'),
('SE1647', 'HE160529'),
('SE1648', 'HE160524'),
('SE1648', 'HE150525'),
('SE1645', 'HE150526'),
('SE1645', 'HE140527'),
('SE1640', 'HE150528')


